Handle,Title,Variant SKU,Variant Price
5-htp,5-HTP,VOX45HTP,13.25
advanced-100-whey-protein-isolate-chocolate,Advanced 100% Whey Protein Isolate (Chocolate),JTP7ADWC,49.9
advanced-100-whey-protein-isolate-vanilla,Advanced 100% Whey Protein Isolate (Vanilla),JTP7ADWV,49.9
alpha-energy,Alpha Energy,VOX4TEST,40.9
appetite-balance-weight-support-strips,Appetite Balance & Weight Support Strips,AAV9WHSU,35.9
apple-cider-vinegar-capsules,Apple Cider Vinegar Capsules,JTP4ACVI,10.71
ashwagandha,Ashwagandha,VOX4ASHW,10.82
ayurvedic-complex,Ayurvedic Complex,VTL4AYCO,14.99
bcaa-post-workout-powder-honeydew-watermelon,BCAA Post Workout Powder (Honeydew/Watermelon),VOX8BCAW,31.9
bcaa-shock-powder-fruit-punch,BCAA Shock Powder (Fruit Punch),VOX8BCAF,31.9
beauty-collagen-strips,Beauty + Collagen Strips,AAV9BCOL,28.9
bee-bread-powder,Bee Bread Powder,NRT5BEEP,47.9
bee-pearl,Bee Pearl,NRT3BEEP,34.9
beetroot,Beetroot,VOX4BEET,14.16
beetroot-powder,Beetroot Powder,JTP0BEDR,18.9
berberine,Berberine,JTP4BERB,15.99
birch-chaga-truffles,Birch Chaga Truffles,BLS4TRUF,49.9
bone-heart-support,Bone & Heart Support,VOX4BONE,13.98
bone-support-strips,Bone Support Strips,AAV9BONE,28.9
brain-focus-formula,Brain & Focus Formula,VOX4NOOT,39.9
chaga-mushroom,Chaga Mushroom,RLC3CHAG,23.99
coq10-ubiquinone,CoQ10 Ubiquinone,VOX4COQ1,17.99
cognitive-relax-strips,Cognitive Relax Strips,AAV9CORL,32.9
cognitive-support,Cognitive Support,JTP4CGNI,12.09
colon-gentle-cleanse,Colon Gentle Cleanse,NRT5COLO,35.0
colostrum-capsules,Colostrum Capsules,VTL4COCA,14.99
colostrum-powder,Colostrum Powder,JTP0COPO,20.9
complete-multivitamin,Complete Multivitamin,VOX4COMP,14.35
creatine-monohydrate,Creatine Monohydrate,RLC4CREA,22.99
dental-oral-health-chewables,Dental + Oral Health Chewables,JTP4DENT,28.0
diet-drops-ultra-1-oz,Diet Drops Ultra 1 oz,VOX6HCG1,29.99
digestive-gut-health-strips,Digestive + Gut Health Strips,AAV9DGUT,35.9
digestive-enzyme-pro-blend,Digestive Enzyme Pro Blend,VOX4DIGE,12.64
energy-powder-fruit-punch,Energy Powder (Fruit Punch),OSM0ENFP,23.9
energy-powder-strawberry-shortcake,Energy Powder (Strawberry Shortcake),OSM0STRA,23.9
energy-powder-yuzu-flavor,Energy Powder (Yuzu Flavor),OSM0EPYU,23.9
energy-strips,Energy Strips,AAV9ENER,36.5
fat-burner-with-mct,Fat Burner with MCT,VTL4FATB,24.99
female-enhancement,Female Enhancement,VOX4FEME,15.0
fermented-mushroom-blend,Fermented Mushroom Blend,PRL4MUSH,51.9
focus-powder-sour-candy,Focus Powder (Sour Candy),OSM0SCAN,39.9
focus-powder-sour-grape,Focus Powder (Sour Grape),OSM0GRAP,39.9
focus-powder-sour-gummi-worm,Focus Powder (Sour Gummi Worm),OSM0SOGU,39.9
fruits-and-veggies,Fruits and Veggies,JTP4FRVE,13.98
ginkgo-biloba-ginseng,Ginkgo Biloba + Ginseng,VOX4GINK,14.99
grass-fed-collagen-creamer-vanilla,Grass-Fed Collagen Creamer (Vanilla),RLC8CRMR,35.9
grass-fed-collagen-peptides-powder-chocolate,Grass-Fed Collagen Peptides Powder (Chocolate),RLC8COLC,35.9
grass-fed-hydrolyzed-collagen-peptides,Grass-Fed Hydrolyzed Collagen Peptides,RLC8COLL,33.9
greens-superfood,Greens Superfood,JTP0GREE,15.9
gut-health,Gut Health,JTP4GUTH,18.99
hair-skin-nails-gummies,"Hair, Skin & Nails Gummies",VTL4HASK,17.99
hair-skin-and-nails-essentials,"Hair, Skin and Nails Essentials",VOX4HAIR,15.99
hair-skin-and-nails-strips,"Hair, Skin and Nails Strips",AAV9HSKN,32.9
horny-goat-weed-blend,Horny Goat Weed Blend,VOX4HORN,13.0
hydration-powder-lemonade,Hydration Powder (Lemonade),OSM0LEMO,23.9
hydration-powder-lychee,Hydration Powder (Lychee),OSM0HYLY,23.9
hydration-powder-passion-fruit,Hydration Powder (Passion Fruit),OSM0PASS,23.9
hydration-powder-peach-mango,Hydration Powder (Peach Mango),OSM0HYMA,23.9
iron-strips,Iron Strips,AAV9IRON,28.9
joint-support,Joint Support,JTP4JOIN,12.71
keto-bhb,Keto BHB,JTP4KETO,18.99
keto-5,Keto-5,VOX4KETO,16.9
l-glutamine-powder,L-Glutamine Powder,VTL4GLUT,21.9
libido-support-strips,Libido Support Strips,AAV9LBDO,37.9
lions-mane-mushroom,Lion's Mane Mushroom,RLC3LION,20.99
liver-support,Liver Support,JTP4LIVR,11.25
maca-plus,Maca Plus,VOX4MACA,13.98
magnesium-glycinate,Magnesium Glycinate,VOX4MGNE,15.99
max-detox-acai-detox,Max Detox (Acai detox),VOX4MAXD,15.0
mens-vitality,Men's Vitality,VOX4MALE,13.44
methylene-blue-drops,Methylene Blue Drops,JTP0METH,59.0
moringa-pure,Moringa Pure,VOX4MRNG,13.32
mushroom-complex-10-x,Mushroom Complex 10 X,VOX4MUSH,15.0
mushroom-extract-complex,Mushroom Extract Complex,VTL4MUSH,16.99
mushroom-focus-strips,Mushroom Focus Strips,AAV9MUSH,39.0
nad,NAD+,JTP4NADP,60.0
nitric-oxide,Nitric Oxide,JTP4NIOX,13.73
nitric-shock-pre-workout-powder-fruit-punch,Nitric Shock Pre-Workout Powder (Fruit Punch),VOX8PWFR,33.9
normal-blood-sugar-drops,Normal Blood Sugar Drops,JTP0BLDR,19.8
normal-blood-sugar-support,Normal Blood Sugar Support,JTP4BLOO,13.98
omega-3-epa-180mg-dha-120mg,Omega-3 EPA 180mg + DHA 120mg,RLC4FISS,16.99
plant-protein-chocolate,Plant Protein (Chocolate),JTP7PPCH,44.9
plant-protein-vanilla,Plant Protein (Vanilla),JTP7PPVA,44.9
platinum-turmeric,Platinum Turmeric,VOX4TURM,14.52
probiotic-metabolism-strips,Probiotic + Metabolism Strips,AAV9PROB,39.0
probiotic-20-billion,Probiotic 20 Billion,JTP4PROB,12.64
probiotic-40-billion-with-prebiotics,Probiotic 40 Billion with Prebiotics,VOX4PROB,18.99
prostate-support,Prostate Support,JTP4PROS,15.99
reds-superfood,Reds Superfood,JTP0REDS,18.9
respiratory-lung-health-drops,Respiratory & Lung Health Drops,JTP0LUNG,32.0
resveratrol-50-600mg,Resveratrol 50% 600mg,VOX4RESV,19.99
sea-moss,Sea Moss,VOX4SEAM,12.53
sleep-formula,Sleep Formula,JTP4SLEE,12.64
sleep-strips,Sleep Strips,AAV9SLEE,36.5
sleep-support,Sleep Support,VOX4SLFR,12.82
turmeric-gummies,Turmeric Gummies,VOX4TRMR,14.99
ultra-cleanse-smoothie-greens,Ultra Cleanse Smoothie Greens,RLC5GRNS,42.9
vision-support,Vision Support,JTP4VISI,28.85
vitamin-d3-2-000-iu,"Vitamin D3 2,000 IU",RLC3VTD3,14.27
womens-vitality-formula,Women's Vitality Formula,VTL4WOVI,12.71
